<?xml version="1.0" encoding="UTF-8"?>
<beans xmlns="http://www.springframework.org/schema/beans"
	xmlns:xsi="http://www.w3.org/2001/XMLSchema-instance" xmlns:p="http://www.springframework.org/schema/p"
	xmlns:context="http://www.springframework.org/schema/context"
	xmlns:task="http://www.springframework.org/schema/task" xmlns:aop="http://www.springframework.org/schema/aop"
	xmlns:tx="http://www.springframework.org/schema/tx"
	xsi:schemaLocation="  
    http://www.springframework.org/schema/beans   
    http://www.springframework.org/schema/beans/spring-beans-3.0.xsd  
    http://www.springframework.org/schema/tx   
    http://www.springframework.org/schema/tx/spring-tx-3.0.xsd
    http://www.springframework.org/schema/context   
    http://www.springframework.org/schema/context/spring-context-3.0.xsd
    http://www.springframework.org/schema/task
    http://www.springframework.org/schema/task/spring-task-3.0.xsd 
    http://www.springframework.org/schema/aop 
    http://www.springframework.org/schema/aop/spring-aop-3.0.xsd">

	<context:component-scan base-package="com.zfrj">
		<context:exclude-filter type="annotation"
			expression="org.springframework.stereotype.Controller" />
	</context:component-scan>
	<aop:aspectj-autoproxy proxy-target-class="true" />
	<task:annotation-driven /><!-- 定时器开关 -->

	<!-- 引入jdbc配置文件 -->
	<context:property-placeholder location="classpath*:database.properties" />
	<!--创建mysql database数据源 -->
	<bean id="dataSource" class="com.mchange.v2.c3p0.ComboPooledDataSource">
		<property name="driverClass" value="${mysql.driver}" />
		<property name="jdbcUrl" value="${mysql.url}" />
		<property name="user" value="${mysql.username}" />
		<property name="password" value="${mysql.password}" />
		<!--连接池的最小连接数 -->
		<property name="minPoolSize" value="5" />
		<!--最大连接数 -->
		<property name="maxPoolSize" value="50" />
		<!--statemnets缓存大小 -->
		<property name="maxStatements" value="100" />
		<property name="testConnectionOnCheckin" value="true" />
		<property name="idleConnectionTestPeriod" value="1800" />

	</bean>
	<bean id="mailSenderInfo" class="com.zfrj.util.mail.MailSenderInfo">
		<property name="mailServerHost" value="${mail.smtp.host}"/>
		<property name="mailServerPort" value="${mail.smtp.port}"/>
		<property name="fromAddress" value="${mail.smtp.from}"/>
		<property name="userName" value="${mail.smtp.username}"/>
		<property name="password" value="${mail.smtp.password}"/>
		<property name="validate" value="${mail.smtp.validate}" />
	</bean>
		<bean id="wechatDeveloperInfo" class="com.zfrj.wechat.util.WechatDeveloperInfo">
		<property name="appId" value="${chat.appid}"/>
		<property name="appSecret" value="${chat.appsecret}"/>
		<property name="token" value="${chat.token}"/>
	
	</bean>
	
	<bean id="aliSnsInfo" class="com.zfrj.wechat.util.AliSnsInfo">
		<property name="url" value="${sms.url}"/>
		<property name="appKey" value="${sms.appkey}"/>
		<property name="freeSignName" value="${sms.freesignname}"/>
		<property name="secret" value="${sms.secret}"/>
	</bean>
	
	<bean id="web_Config" class="com.zfrj.wechat.util.Web_Config">
		<property name="url_prefix" value="${url_prefix}"/>
	</bean>
	
<bean id="webSecurityExpressionHandler" class="org.springframework.security.access.expression.method.DefaultMethodSecurityExpressionHandler" />
	<bean id="sessionFactory"
		class="org.springframework.orm.hibernate3.annotation.AnnotationSessionFactoryBean">
		<property name="dataSource" ref="dataSource" />
		<!-- <property name="configLocation" value="classpath:hibernate.cfg.xml"/> -->
		<property name="packagesToScan">
			<list>
				<value>com.zfrj.*.bean</value>
				<value>com.zfrj.*.*.bean</value>
				<value>com.zfrj.*.*.*.bean</value>
			</list>
		</property>
		
		<property name="hibernateProperties">
			<props>
				<prop key="hibernate.show_sql">true</prop>
				<prop key="connection.useUnicode">true</prop>
				<prop key="connection.characterEncoding">UTF-8</prop>
				<prop key="hibernate.query.factory_class">org.hibernate.hql.ast.ASTQueryTranslatorFactory</prop>
				<prop key="hibernate.dialect">org.hibernate.dialect.MySQL5Dialect</prop>
				<prop key="javax.persistence.validation.mode">none</prop>
				<prop key="cache.use_query_cache">false</prop>
				<prop key="cache.use_second_level_cache">true</prop>
				<prop key="cache.provider_class">net.sf.ehcache.hibernate.EhCacheProvider</prop>
				<prop key="net.sf.ehcache.configurationResourceName">ehcache.xml</prop>
			</props>
		</property>
	</bean>

	<bean id="transactionManager"
		class="org.springframework.orm.hibernate3.HibernateTransactionManager">
		<property name="sessionFactory" ref="sessionFactory" />
	</bean>
	
	<bean id="autoProxyCreator"
		class="org.springframework.aop.framework.autoproxy.BeanNameAutoProxyCreator">
		<property name="interceptorNames">
			<list>
				<idref local="matchAllTxInterceptor" />
			</list>
		</property>
		<property name="proxyTargetClass">
			<value>true</value>
		</property>
		<property name="beanNames">
			<list>
				<value>*DAO</value>
				<value>*Service</value>
				<value>*ServiceImpl</value>
			</list>
		</property>
	</bean>

	<bean id="baseDAO" class="com.zfrj.base.dao.BaseDAO">
		<property name="sessionFactory" ref="sessionFactory" />
	</bean>


<!-- 事务管理 -->
	<bean id="matchAllTxInterceptor"
		class="org.springframework.transaction.interceptor.TransactionInterceptor">
		<property name="transactionManager">
			<ref bean="transactionManager" />
		</property>
		<property name="transactionAttributes">
			<props>
<!-- 				<prop key="get*">PROPAGATION_REQUIRED,readOnly</prop>
				<prop key="query*">PROPAGATION_REQUIRED,readOnly</prop>
				<prop key="find*">PROPAGATION_REQUIRED,readOnly</prop>
				<prop key="load*">PROPAGATION_REQUIRED,readOnly</prop>
				<prop key="inquery*">PROPAGATION_REQUIRED,readOnly</prop>
				<prop key="inquiry*">PROPAGATION_REQUIRED,readOnly</prop>
				<prop key="is*">PROPAGATION_REQUIRED,readOnly</prop>
				<prop key="search">PROPAGATION_REQUIRED,readOnly</prop>
				<prop key="validate*">PROPAGATION_REQUIRED,-java.lang.Exception</prop>
				<prop key="delete*">PROPAGATION_REQUIRED,-java.lang.Exception</prop>
				<prop key="remove*">PROPAGATION_REQUIRED,-java.lang.Exception</prop>
				<prop key="save*">PROPAGATION_REQUIRED,-java.lang.Exception</prop>
				<prop key="add*">PROPAGATION_REQUIRED,-java.lang.Exception</prop>
				<prop key="process*">PROPAGATION_REQUIRED,-java.lang.Exception</prop>
				<prop key="insert*">PROPAGATION_REQUIRED,-java.lang.Exception</prop>
				<prop key="create*">PROPAGATION_REQUIRED,-java.lang.Exception</prop>
				<prop key="update*">PROPAGATION_REQUIRED,-java.lang.Exception</prop>
				<prop key="modify*">PROPAGATION_REQUIRED,-java.lang.Exception</prop>
				<prop key="persist*">PROPAGATION_REQUIRED,-java.lang.Exception</prop>
				<prop key="change*">PROPAGATION_REQUIRED,-java.lang.Exception</prop>
				<prop key="driven*">PROPAGATION_REQUIRED,-java.lang.Exception</prop>
				<prop key="parse*">PROPAGATION_REQUIRED,-java.lang.Exception</prop>
				<prop key="native*">PROPAGATION_REQUIRED,-java.lang.Exception</prop>
				<prop key="withdrawTask*">PROPAGATION_REQUIRED,-java.lang.Exception</prop>
				<prop key="undeploy*">PROPAGATION_REQUIRED,-java.lang.Exception</prop>
				<prop key="redeplo*">PROPAGATION_REQUIRED,-java.lang.Exception</prop>
				<prop key="deploy*">PROPAGATION_REQUIRED,-java.lang.Exception</prop>
				<prop key="take*">PROPAGATION_REQUIRED,-java.lang.Exception</prop>
				<prop key="terminate*">PROPAGATION_REQUIRED,-java.lang.Exception</prop>
				<prop key="finish*">PROPAGATION_REQUIRED,-java.lang.Exception</prop>
				<prop key="complete*">PROPAGATION_REQUIRED,-java.lang.Exception</prop>
				<prop key="assign*">PROPAGATION_REQUIRED,-java.lang.Exception</prop>
				<prop key="execute*">PROPAGATION_REQUIRED,-java.lang.Exception</prop>
				<prop key="start*">PROPAGATION_REQUIRED,-java.lang.Exception</prop>
				<prop key="middleUpdate*">PROPAGATION_REQUIRES_NEW,-java.lang.Exception</prop>
				<prop key="*">PROPAGATION_REQUIRED,-java.lang.Exception</prop> 
				 -->
			</props>
		</property>
	</bean> 

</beans>
