<?xml version="1.0" encoding="UTF-8"?>
<beans default-lazy-init="true"
	xmlns="http://www.springframework.org/schema/beans" xmlns:p="http://www.springframework.org/schema/p"
	xmlns:xsi="http://www.w3.org/2001/XMLSchema-instance" xmlns:context="http://www.springframework.org/schema/context"
	xmlns:mvc="http://www.springframework.org/schema/mvc"
	xsi:schemaLocation="  
       http://www.springframework.org/schema/beans   
       http://www.springframework.org/schema/beans/spring-beans-3.0.xsd  
       http://www.springframework.org/schema/mvc   
       http://www.springframework.org/schema/mvc/spring-mvc-3.0.xsd   
       http://www.springframework.org/schema/context  
       http://www.springframework.org/schema/context/spring-context-3.0.xsd">

	<!-- 使用注解的包，包括子集 -->
	<context:component-scan base-package="com.zfrj">
		<context:exclude-filter type="annotation" expression="org.springframework.stereotype.Service"/>
	</context:component-scan>

	<bean class="org.springframework.web.servlet.mvc.method.annotation.RequestMappingHandlerAdapter">
		<property name="messageConverters">
			<list>
				<ref bean="stringHttpMessageConverter" />
				<ref bean="byteArrayHttpMessageConverter" />
				<ref bean="jsonHttpMessageConverter" />
			</list>
		</property>
	</bean>
	<bean id="stringHttpMessageConverter" class="org.springframework.http.converter.StringHttpMessageConverter">
		<property name="supportedMediaTypes">
			<list>
				<value>text/plain;charset=UTF-8</value>
			</list>
		</property>
	</bean>
	<bean id="byteArrayHttpMessageConverter" class="org.springframework.http.converter.ByteArrayHttpMessageConverter">
		<property name="supportedMediaTypes">
			<list>
				<value>text/plain;charset=UTF-8</value>
			</list>
		</property>
	</bean>
	<bean id="jsonHttpMessageConverter" class="org.springframework.http.converter.json.MappingJackson2HttpMessageConverter">
		<property name="supportedMediaTypes">
			<list>
				<value>application/json;charset=UTF-8</value>
				<value>application/x-www-form-urlencoded; charset=UTF-8</value>
			</list>
		</property>
		<property name="objectMapper">
			<bean class="com.fasterxml.jackson.databind.ObjectMapper">
				<property name="dateFormat">
					<bean class="java.text.SimpleDateFormat">
						<constructor-arg type="java.lang.String" value="yyyy-MM-dd HH:mm:ss"/>
					</bean>
				</property>
			</bean>
		</property>
	</bean>
	<bean id="viewResolver" class="org.springframework.web.servlet.view.InternalResourceViewResolver" >
		<property value="org.springframework.web.servlet.view.JstlView" name="viewClass" />
		<property value="/WEB-INF/pages/" name="prefix" />
		<property value=".jsp" name="suffix" />
	</bean>

	<!-- 通过注解，把URL映射到Controller上，该标签默认注册DefaultAnnotationHandlerMapping和AnnotationMethodHandlerAdapter -->
	<mvc:annotation-driven />
	<bean id="multipartResolver" class="org.springframework.web.multipart.commons.CommonsMultipartResolver" p:defaultEncoding="UTF-8" />

	<!-- 国际化配置 -->  
	<bean id="localeResolver" class="org.springframework.web.servlet.i18n.SessionLocaleResolver" />
	<mvc:interceptors>  
    	<bean class="org.springframework.web.servlet.i18n.LocaleChangeInterceptor" />  
	</mvc:interceptors>
</beans>